{
  "tfidf_only_macro_f1": 0.4861765834047646,
  "tfidf_plus_graph_macro_f1": 0.0284412342697314,
  "nodes": 8732,
  "edges": 152343,
  "communities": 6566
}